{
  "FilterHeaders": [
    {
      "Header": "user-agent",
      "IncludeInScript": false
    },
    {
      "Header": "upgrade-insecure-requests",
      "IncludeInScript": true
    },
    {
      "Header": "origin",
      "IncludeInScript": true
    },
    {
      "Header": "if-none-match",
      "IncludeInScript": false
    },
    {
      "Header": "if-modified-since",
      "IncludeInScript": false
    },
    {
      "Header": "cache-control",
      "IncludeInScript": false
    },
    {
      "Header": "accept-language",
      "IncludeInScript": false
    },
    {
      "Header": "accept-encoding",
      "IncludeInScript": false
    },
    {
      "Header": "accept",
      "IncludeInScript": false
    }
  ],
  "FilterResources": [
    {
      "IsNonResource": true,
      "type": "text/html"
    }
  ],
  "GeneralInfo": {
    "BrowserVersion": "",
    "IsWinInetMode": false,
    "MaxUsedConnections": 4,
    "RecordedBrowser": "Chrome",
    "RecordingDate": "Р°РІРі-31-2021",
    "RecordingDuration": 7922,
    "RecordingMode": "N/A",
    "RecordingTimeStamp": 1630440367,
    "RecordingType": "Browser",
    "TotalBytesReceived": 5264,
    "TotalBytesSent": 4940,
    "TotalRequests": 8,
    "UserAgent": "Mozilla/5.0 (Windows NT 10.0; Win64; x64) AppleWebKit/537.36 (KHTML, like Gecko) Chrome/92.0.4515.159 Safari/537.36"
  },
  "HostInfo": [
    {
      "DomainName": "localhost.com",
      "Domains": [
        {
          "HTTPVersion": "HTTP/1.1",
          "IP": "127.0.0.1",
          "IncludeInScript": true,
          "Name": "localhost.com",
          "Port": 1080,
          "Requests": [
            {
              "CompressionType": "",
              "DataType": "text/html",
              "DownloadTime": 32,
              "EventId": 108,
              "HttpStatus": 200,
              "Size": 918,
              "URL": "http://localhost.com:1080/cgi-bin/login.pl?intro=true"
            },
            {
              "CompressionType": "",
              "DataType": "text/html",
              "DownloadTime": 78,
              "EventId": 105,
              "HttpStatus": 200,
              "Size": 1482,
              "URL": "http://localhost.com:1080/cgi-bin/nav.pl?page=menu&in=home"
            },
            {
              "CompressionType": "",
              "DataType": "text/html",
              "DownloadTime": 31,
              "EventId": 100,
              "HttpStatus": 200,
              "Size": 481,
              "URL": "http://localhost.com:1080/cgi-bin/login.pl"
            },
            {
              "CompressionType": "",
              "DataType": "text/html",
              "DownloadTime": 31,
              "EventId": 92,
              "HttpStatus": 404,
              "Size": 209,
              "URL": "http://localhost.com:1080/favicon.ico"
            },
            {
              "CompressionType": "",
              "DataType": "text/html",
              "DownloadTime": 78,
              "EventId": 87,
              "HttpStatus": 200,
              "Size": 1488,
              "URL": "http://localhost.com:1080/cgi-bin/nav.pl?in=home"
            },
            {
              "CompressionType": "",
              "DataType": "text/html",
              "DownloadTime": 47,
              "EventId": 80,
              "HttpStatus": 200,
              "Size": 686,
              "URL": "http://localhost.com:1080/cgi-bin/welcome.pl?signOff=true"
            },
            {
              "CompressionType": "",
              "DataType": "",
              "DownloadTime": 15,
              "EventId": 78,
              "HttpStatus": 304,
              "Size": 0,
              "URL": "http://localhost.com:1080/WebTours/header.html"
            },
            {
              "CompressionType": "",
              "DataType": "",
              "DownloadTime": 0,
              "EventId": 76,
              "HttpStatus": 304,
              "Size": 0,
              "URL": "http://localhost.com:1080/WebTours/"
            }
          ],
          "SSLCipher": "None",
          "SSLVersion": "None"
        }
      ],
      "IncludeInScript": true
    },
    {
      "DomainName": "googleapis.com",
      "Domains": [
        {
          "HTTPVersion": "HTTP/1.1",
          "IP": "216.58.209.163",
          "IncludeInScript": false,
          "Name": "clientservices.googleapis.com",
          "Port": 443,
          "Requests": [
            {
              "CompressionType": "",
              "DataType": "",
              "DownloadTime": 31,
              "EventId": 90,
              "HttpStatus": 304,
              "Size": 0,
              "URL": "https://clientservices.googleapis.com/chrome-variations/seed?osname=win&channel=stable&milestone=92"
            }
          ],
          "SSLCipher": "TLS_AES_256_GCM_SHA384",
          "SSLVersion": "TLS1.3"
        }
      ],
      "IncludeInScript": true
    }
  ],
  "WebSocket": {
    "IncludeInScript": false,
    "IsScriptIncludeWebSocket": false
  },
  "NumberOfCorrelations": 1
}